[
  {
    "Accept": "text/html,application/xhtml+xml,application/xml;q=0.9,image/avif,image/webp,image/apng,*/*;q=0.8,application/signed-exchange;v=b3;q=0.9",
    "Accept-Encoding": "gzip, deflate",
    "Accept-Language": "ko-KR,ko;q=0.9,en-US;q=0.8,en;q=0.7",
    "Connection": "close",
    "HOSTING_CONTINENT_CODE": "AS",
    "HOSTING_COUNTRY_CODE": "KR",
    "HOSTING_WHITE_IP": "false",
    "Upgrade-Insecure-Requests": "1",
    "User-Agent": "Mozilla/5.0 (Linux; Android 11; SAMSUNG SM-G998N) AppleWebKit/537.36 (KHTML, like Gecko) SamsungBrowser/14.2 Chrome/87.0.4280.141 Mobile Safari/537.36",
    "Device Pixel Ratio": "3.375",
    "Screen Resolution": "320X712",
    "Browser Window Size": "320X641",
    "vendor": "ARM",
    "renderer": "Mali-G78",
    "Platform": "Linux armv8l"
  },
  {
    "Accept": "text/html,application/xhtml+xml,application/xml;q=0.9,image/avif,image/webp,image/apng,*/*;q=0.8,application/signed-exchange;v=b3;q=0.9",
    "Accept-Encoding": "gzip, deflate",
    "Accept-Language": "ko-KR,ko;q=0.9,en-US;q=0.8,en;q=0.7",
    "Connection": "close",
    "HOSTING_CONTINENT_CODE": "AS",
    "HOSTING_COUNTRY_CODE": "KR",
    "HOSTING_WHITE_IP": "false",
    "Upgrade-Insecure-Requests": "1",
    "User-Agent": "Mozilla/5.0 (Linux; Android 11; SAMSUNG SM-G975N) AppleWebKit/537.36 (KHTML, like Gecko) SamsungBrowser/14.2 Chrome/87.0.4280.141 Mobile Safari/537.36",
    "Device Pixel Ratio": "2.625",
    "Screen Resolution": "412X869",
    "Browser Window Size": "412X684",
    "vendor": "ARM",
    "renderer": "Mali-G76",
    "Platform": "Linux armv8l"
  },
  {
    "Accept": "text/html,application/xhtml+xml,application/xml;q=0.9,image/avif,image/webp,image/apng,*/*;q=0.8,application/signed-exchange;v=b3;q=0.9",
    "Accept-Encoding": "gzip, deflate",
    "Accept-Language": "ko-KR,ko;q=0.9,en-US;q=0.8,en;q=0.7",
    "Connection": "close",
    "HOSTING_CONTINENT_CODE": "AS",
    "HOSTING_COUNTRY_CODE": "KR",
    "HOSTING_WHITE_IP": "false",
    "Upgrade-Insecure-Requests": "1",
    "User-Agent": "Mozilla/5.0 (Linux; Android 11; SAMSUNG SM-G996N/KSU3AUF6) AppleWebKit/537.36 (KHTML, like Gecko) SamsungBrowser/14.2 Chrome/87.0.4280.141 Mobile Safari/537.36",
    "Device Pixel Ratio": "2.625",
    "Screen Resolution": "412X915",
    "Browser Window Size": "412X742",
    "vendor": "ARM",
    "renderer": "Mali-G78",
    "Platform": "Linux armv8l"
  },
  {
    "Accept": "text/html,application/xhtml+xml,application/xml;q=0.9,image/avif,image/webp,image/apng,*/*;q=0.8,application/signed-exchange;v=b3;q=0.9",
    "Accept-Encoding": "gzip, deflate",
    "Accept-Language": "ko-KR,ko;q=0.9,en-US;q=0.8,en;q=0.7",
    "Connection": "close",
    "HOSTING_CONTINENT_CODE": "AS",
    "HOSTING_COUNTRY_CODE": "KR",
    "HOSTING_WHITE_IP": "false",
    "Upgrade-Insecure-Requests": "1",
    "User-Agent": "Mozilla/5.0 (Linux; Android 11; SAMSUNG SM-N986N) AppleWebKit/537.36 (KHTML, like Gecko) SamsungBrowser/14.2 Chrome/87.0.4280.141 Mobile Safari/537.36",
    "Device Pixel Ratio": "2.625",
    "Screen Resolution": "412X883",
    "Browser Window Size": "412X713",
    "vendor": "Qualcomm",
    "renderer": "Adreno (TM) 650",
    "Platform": "Linux aarch64"
  },
  {
    "Accept": "text/html,application/xhtml+xml,application/xml;q=0.9,image/avif,image/webp,image/apng,*/*;q=0.8,application/signed-exchange;v=b3;q=0.9",
    "Accept-Encoding": "gzip, deflate",
    "Accept-Language": "ko-KR,ko;q=0.9,en-US;q=0.8,en;q=0.7",
    "Connection": "close",
    "DNT": "1",
    "HOSTING_CONTINENT_CODE": "AS",
    "HOSTING_COUNTRY_CODE": "KR",
    "HOSTING_WHITE_IP": "false",
    "Upgrade-Insecure-Requests": "1",
    "User-Agent": "Mozilla/5.0 (Linux; Android 11; SAMSUNG SM-G977N) AppleWebKit/537.36 (KHTML, like Gecko) SamsungBrowser/14.2 Chrome/87.0.4280.141 Mobile Safari/537.36",
    "Device Pixel Ratio": "2.625",
    "Screen Resolution": "412X869",
    "Browser Window Size": "412X685",
    "vendor": "ARM",
    "renderer": "Mali-G76",
    "Platform": "Linux armv8l"
  },
  {
    "Accept": "text/html,application/xhtml+xml,application/xml;q=0.9,image/avif,image/webp,image/apng,*/*;q=0.8,application/signed-exchange;v=b3;q=0.9",
    "Accept-Encoding": "gzip, deflate",
    "Accept-Language": "ko-KR,ko;q=0.9,en-US;q=0.8,en;q=0.7",
    "Connection": "close",
    "HOSTING_CONTINENT_CODE": "AS",
    "HOSTING_COUNTRY_CODE": "KR",
    "HOSTING_WHITE_IP": "false",
    "Upgrade-Insecure-Requests": "1",
    "User-Agent": "Mozilla/5.0 (Linux; Android 11; SAMSUNG SM-G977N) AppleWebKit/537.36 (KHTML, like Gecko) SamsungBrowser/15.0 Chrome/90.0.4430.210 Mobile Safari/537.36",
    "Device Pixel Ratio": "2.625",
    "Screen Resolution": "412X869",
    "Browser Window Size": "412X685",
    "vendor": "ARM",
    "renderer": "Mali-G76",
    "Platform": "Linux armv8l"
  },
  {
    "Accept": "text/html,application/xhtml+xml,application/xml;q=0.9,image/avif,image/webp,image/apng,*/*;q=0.8,application/signed-exchange;v=b3;q=0.9",
    "Accept-Encoding": "gzip, deflate",
    "Accept-Language": "ko-KR,ko;q=0.9,en-US;q=0.8,en;q=0.7",
    "Connection": "close",
    "HOSTING_CONTINENT_CODE": "AS",
    "HOSTING_COUNTRY_CODE": "KR",
    "HOSTING_WHITE_IP": "false",
    "Upgrade-Insecure-Requests": "1",
    "User-Agent": "Mozilla/5.0 (Linux; Android 11; SAMSUNG SM-A805N) AppleWebKit/537.36 (KHTML, like Gecko) SamsungBrowser/14.2 Chrome/87.0.4280.141 Mobile Safari/537.36",
    "Device Pixel Ratio": "3.375",
    "Screen Resolution": "320X712",
    "Browser Window Size": "320X544",
    "vendor": "Qualcomm",
    "renderer": "Adreno (TM) 618",
    "Platform": "Linux armv8l"
  },
  {
    "Accept": "text/html,application/xhtml+xml,application/xml;q=0.9,image/avif,image/webp,image/apng,*/*;q=0.8,application/signed-exchange;v=b3;q=0.9",
    "Accept-Encoding": "gzip, deflate",
    "Accept-Language": "ko-KR,ko;q=0.9,en-US;q=0.8,en;q=0.7",
    "Connection": "close",
    "HOSTING_CONTINENT_CODE": "AS",
    "HOSTING_COUNTRY_CODE": "KR",
    "HOSTING_WHITE_IP": "false",
    "Upgrade-Insecure-Requests": "1",
    "User-Agent": "Mozilla/5.0 (Linux; Android 11; SAMSUNG SM-G781N/KSU2CUF1) AppleWebKit/537.36 (KHTML, like Gecko) SamsungBrowser/14.2 Chrome/87.0.4280.141 Mobile Safari/537.36",
    "Device Pixel Ratio": "3",
    "Screen Resolution": "360X800",
    "Browser Window Size": "360X627",
    "vendor": "Qualcomm",
    "renderer": "Adreno (TM) 650",
    "Platform": "Linux armv8l"
  },
  {
    "Accept": "text/html,application/xhtml+xml,application/xml;q=0.9,image/avif,image/webp,image/apng,*/*;q=0.8,application/signed-exchange;v=b3;q=0.9",
    "Accept-Encoding": "gzip, deflate",
    "Accept-Language": "ko-KR,ko;q=0.9,en-US;q=0.8,en;q=0.7",
    "Connection": "close",
    "HOSTING_CONTINENT_CODE": "AS",
    "HOSTING_COUNTRY_CODE": "KR",
    "HOSTING_WHITE_IP": "false",
    "Upgrade-Insecure-Requests": "1",
    "User-Agent": "Mozilla/5.0 (Linux; Android 11; SAMSUNG SM-G986N) AppleWebKit/537.36 (KHTML, like Gecko) SamsungBrowser/14.2 Chrome/87.0.4280.141 Mobile Safari/537.36",
    "Device Pixel Ratio": "2.8125",
    "Screen Resolution": "384X854",
    "Browser Window Size": "384X684",
    "vendor": "Qualcomm",
    "renderer": "Adreno (TM) 650",
    "Platform": "Linux armv8l"
  },
  {
    "Accept": "text/html,application/xhtml+xml,application/xml;q=0.9,image/avif,image/webp,image/apng,*/*;q=0.8,application/signed-exchange;v=b3;q=0.9",
    "Accept-Encoding": "gzip, deflate",
    "Accept-Language": "ko-KR,ko;q=0.9,en-US;q=0.8,en;q=0.7",
    "Connection": "close",
    "HOSTING_CONTINENT_CODE": "AS",
    "HOSTING_COUNTRY_CODE": "KR",
    "HOSTING_WHITE_IP": "false",
    "Upgrade-Insecure-Requests": "1",
    "User-Agent": "Mozilla/5.0 (Linux; Android 11; SAMSUNG SM-G991N/KSU3AUF6) AppleWebKit/537.36 (KHTML, like Gecko) SamsungBrowser/14.2 Chrome/87.0.4280.141 Mobile Safari/537.36",
    "Device Pixel Ratio": "2.8125",
    "Screen Resolution": "384X854",
    "Browser Window Size": "384X681",
    "vendor": "ARM",
    "renderer": "Mali-G78",
    "Platform": "Linux armv8l"
  },
  {
    "Accept": "text/html,application/xhtml+xml,application/xml;q=0.9,image/avif,image/webp,image/apng,*/*;q=0.8,application/signed-exchange;v=b3;q=0.9",
    "Accept-Encoding": "gzip, deflate",
    "Accept-Language": "ko-KR,ko;q=0.9,en-US;q=0.8,en;q=0.7",
    "Connection": "close",
    "HOSTING_CONTINENT_CODE": "AS",
    "HOSTING_COUNTRY_CODE": "KR",
    "HOSTING_WHITE_IP": "false",
    "Upgrade-Insecure-Requests": "1",
    "User-Agent": "Mozilla/5.0 (Linux; Android 11; SAMSUNG SM-N971N/KSU2FUE3) AppleWebKit/537.36 (KHTML, like Gecko) SamsungBrowser/14.2 Chrome/87.0.4280.141 Mobile Safari/537.36",
    "Device Pixel Ratio": "3",
    "Screen Resolution": "360X760",
    "Browser Window Size": "360X586",
    "vendor": "ARM",
    "renderer": "Mali-G76",
    "Platform": "Linux armv8l"
  },
  {
    "Accept": "text/html,application/xhtml+xml,application/xml;q=0.9,image/avif,image/webp,image/apng,*/*;q=0.8,application/signed-exchange;v=b3;q=0.9",
    "Accept-Encoding": "gzip, deflate",
    "Accept-Language": "ko-KR,ko;q=0.9,en-US;q=0.8,en;q=0.7",
    "Connection": "close",
    "HOSTING_CONTINENT_CODE": "AS",
    "HOSTING_COUNTRY_CODE": "KR",
    "HOSTING_WHITE_IP": "false",
    "Upgrade-Insecure-Requests": "1",
    "User-Agent": "Mozilla/5.0 (Linux; Android 11; SAMSUNG SM-G977N) AppleWebKit/537.36 (KHTML, like Gecko) SamsungBrowser/14.2 Chrome/87.0.4280.141 Mobile Safari/537.36",
    "Device Pixel Ratio": "2.625",
    "Screen Resolution": "412X869",
    "Browser Window Size": "412X685",
    "vendor": "ARM",
    "renderer": "Mali-G76",
    "Platform": "Linux armv8l"
  },
  {
    "Accept": "text/html,application/xhtml+xml,application/xml;q=0.9,image/avif,image/webp,image/apng,*/*;q=0.8,application/signed-exchange;v=b3;q=0.9",
    "Accept-Encoding": "gzip, deflate",
    "Accept-Language": "ko-KR,ko;q=0.9,en-US;q=0.8,en;q=0.7",
    "Connection": "close",
    "HOSTING_CONTINENT_CODE": "AS",
    "HOSTING_COUNTRY_CODE": "KR",
    "HOSTING_WHITE_IP": "false",
    "Upgrade-Insecure-Requests": "1",
    "User-Agent": "Mozilla/5.0 (Linux; Android 11; SM-G991N) AppleWebKit/537.36 (KHTML, like Gecko) SamsungBrowser/14.2 Chrome/87.0.4280.141 Mobile Safari/537.36",
    "Device Pixel Ratio": "2.625",
    "Screen Resolution": "412X915",
    "Browser Window Size": "412X786",
    "vendor": "ARM",
    "renderer": "Mali-G78",
    "Platform": "Linux aarch64"
  },
  {
    "Accept": "text/html,application/xhtml+xml,application/xml;q=0.9,image/avif,image/webp,image/apng,*/*;q=0.8,application/signed-exchange;v=b3;q=0.9",
    "Accept-Encoding": "gzip, deflate",
    "Accept-Language": "ko-KR,ko;q=0.9,en-US;q=0.8,en;q=0.7",
    "Connection": "close",
    "HOSTING_CONTINENT_CODE": "AS",
    "HOSTING_COUNTRY_CODE": "KR",
    "HOSTING_WHITE_IP": "false",
    "Upgrade-Insecure-Requests": "1",
    "User-Agent": "Mozilla/5.0 (Linux; Android 11; SM-G970N) AppleWebKit/537.36 (KHTML, like Gecko) SamsungBrowser/14.2 Chrome/87.0.4280.141 Mobile Safari/537.36",
    "Device Pixel Ratio": "3.375",
    "Screen Resolution": "320X676",
    "Browser Window Size": "320X544",
    "vendor": "ARM",
    "renderer": "Mali-G76",
    "Platform": "Linux aarch64"
  },
  {
    "Accept": "text/html,application/xhtml+xml,application/xml;q=0.9,image/avif,image/webp,image/apng,*/*;q=0.8,application/signed-exchange;v=b3;q=0.9",
    "Accept-Encoding": "gzip, deflate",
    "Accept-Language": "ko-KR,ko;q=0.9,en-US;q=0.8,en;q=0.7",
    "Connection": "close",
    "HOSTING_CONTINENT_CODE": "AS",
    "HOSTING_COUNTRY_CODE": "KR",
    "HOSTING_WHITE_IP": "false",
    "Upgrade-Insecure-Requests": "1",
    "User-Agent": "Mozilla/5.0 (Linux; Android 11; SM-N986N) AppleWebKit/537.36 (KHTML, like Gecko) SamsungBrowser/14.2 Chrome/87.0.4280.141 Mobile Safari/537.36",
    "Device Pixel Ratio": "3",
    "Screen Resolution": "360X772",
    "Browser Window Size": "360X652",
    "vendor": "Qualcomm",
    "renderer": "Adreno (TM) 650",
    "Platform": "Linux aarch64"
  },
  {
    "Accept": "text/html,application/xhtml+xml,application/xml;q=0.9,image/avif,image/webp,image/apng,*/*;q=0.8,application/signed-exchange;v=b3;q=0.9",
    "Accept-Encoding": "gzip, deflate",
    "Accept-Language": "ko-KR,ko;q=0.9,en-US;q=0.8,en;q=0.7",
    "Connection": "close",
    "HOSTING_CONTINENT_CODE": "AS",
    "HOSTING_COUNTRY_CODE": "KR",
    "HOSTING_WHITE_IP": "false",
    "Upgrade-Insecure-Requests": "1",
    "User-Agent": "Mozilla/5.0 (Linux; Android 11; SAMSUNG SM-N971N/KSU2FUH7) AppleWebKit/537.36 (KHTML, like Gecko) SamsungBrowser/15.0 Chrome/90.0.4430.210 Mobile Safari/537.36",
    "Device Pixel Ratio": "2.625",
    "Screen Resolution": "412X869",
    "Browser Window Size": "412X691",
    "vendor": "ARM",
    "renderer": "Mali-G76",
    "Platform": "Linux aarch64"
  },
  {
    "Accept": "text/html,application/xhtml+xml,application/xml;q=0.9,image/avif,image/webp,image/apng,*/*;q=0.8,application/signed-exchange;v=b3;q=0.9",
    "Accept-Encoding": "gzip, deflate",
    "Accept-Language": "ko-KR,ko;q=0.9,en-US;q=0.8,en;q=0.7",
    "Connection": "close",
    "HOSTING_CONTINENT_CODE": "AS",
    "HOSTING_COUNTRY_CODE": "KR",
    "HOSTING_WHITE_IP": "false",
    "Upgrade-Insecure-Requests": "1",
    "User-Agent": "Mozilla/5.0 (Linux; Android 11; SAMSUNG SM-F700N/KOU3DUF4) AppleWebKit/537.36 (KHTML, like Gecko) SamsungBrowser/15.0 Chrome/90.0.4430.210 Mobile Safari/537.36",
    "Device Pixel Ratio": "3.375",
    "Screen Resolution": "320X782",
    "Browser Window Size": "320X610",
    "vendor": "Qualcomm",
    "renderer": "Adreno (TM) 640",
    "Platform": "Linux aarch64"
  },
  {
    "Accept": "text/html,application/xhtml+xml,application/xml;q=0.9,image/avif,image/webp,image/apng,*/*;q=0.8,application/signed-exchange;v=b3;q=0.9",
    "Accept-Encoding": "gzip, deflate",
    "Accept-Language": "ko-KR,ko;q=0.9,en-US;q=0.8,en;q=0.7",
    "Connection": "close",
    "HOSTING_CONTINENT_CODE": "AS",
    "HOSTING_COUNTRY_CODE": "KR",
    "HOSTING_WHITE_IP": "false",
    "Upgrade-Insecure-Requests": "1",
    "User-Agent": "Mozilla/5.0 (Linux; Android 11; SAMSUNG SM-N986U) AppleWebKit/537.36 (KHTML, like Gecko) SamsungBrowser/15.0 Chrome/90.0.4430.210 Mobile Safari/537.36",
    "Device Pixel Ratio": "2.625",
    "Screen Resolution": "412X883",
    "Browser Window Size": "412X713",
    "vendor": "Qualcomm",
    "renderer": "Adreno (TM) 650",
    "Platform": "Linux aarch64"
  },
  {
    "Accept": "text/html,application/xhtml+xml,application/xml;q=0.9,image/avif,image/webp,image/apng,*/*;q=0.8,application/signed-exchange;v=b3;q=0.9",
    "Accept-Encoding": "gzip, deflate",
    "Accept-Language": "ko-KR,ko;q=0.9,en-US;q=0.8,en;q=0.7",
    "Connection": "close",
    "HOSTING_CONTINENT_CODE": "AS",
    "HOSTING_COUNTRY_CODE": "KR",
    "HOSTING_WHITE_IP": "false",
    "Upgrade-Insecure-Requests": "1",
    "User-Agent": "Mozilla/5.0 (Linux; Android 11; SAMSUNG SM-F926N/KSU1AUHB) AppleWebKit/537.36 (KHTML, like Gecko) SamsungBrowser/15.0 Chrome/90.0.4430.210 Mobile Safari/537.36",
    "Device Pixel Ratio": "2.625",
    "Screen Resolution": "320X872",
    "Browser Window Size": "320X697",
    "vendor": "Qualcomm",
    "renderer": "Adreno (TM) 660",
    "Platform": "Linux aarch64"
  },
  {
    "Accept": "text/html,application/xhtml+xml,application/xml;q=0.9,image/avif,image/webp,image/apng,*/*;q=0.8,application/signed-exchange;v=b3;q=0.9",
    "Accept-Encoding": "gzip, deflate",
    "Accept-Language": "ko-KR,ko;q=0.9,en-US;q=0.8,en;q=0.7",
    "Connection": "close",
    "HOSTING_CONTINENT_CODE": "AS",
    "HOSTING_COUNTRY_CODE": "KR",
    "HOSTING_WHITE_IP": "false",
    "Upgrade-Insecure-Requests": "1",
    "User-Agent": "Mozilla/5.0 (Linux; Android 11; SAMSUNG SM-G973N/KSU7FUH3) AppleWebKit/537.36 (KHTML, like Gecko) SamsungBrowser/15.0 Chrome/90.0.4430.210 Mobile Safari/537.36",
    "Device Pixel Ratio": "3.375",
    "Screen Resolution": "320X676",
    "Browser Window Size": "320X499",
    "vendor": "ARM",
    "renderer": "Mali-G76",
    "Platform": "Linux aarch64"
  },
  {
    "Accept": "text/html,application/xhtml+xml,application/xml;q=0.9,image/avif,image/webp,image/apng,*/*;q=0.8,application/signed-exchange;v=b3;q=0.9",
    "Accept-Encoding": "gzip, deflate",
    "Accept-Language": "ko-KR,ko;q=0.9,en-US;q=0.8,en;q=0.7",
    "Connection": "close",
    "HOSTING_CONTINENT_CODE": "AS",
    "HOSTING_COUNTRY_CODE": "KR",
    "HOSTING_WHITE_IP": "false",
    "Upgrade-Insecure-Requests": "1",
    "User-Agent": "Mozilla/5.0 (Linux; Android 11; SAMSUNG SM-G975N) AppleWebKit/537.36 (KHTML, like Gecko) SamsungBrowser/15.0 Chrome/90.0.4430.210 Mobile Safari/537.36",
    "Device Pixel Ratio": "2.625",
    "Screen Resolution": "412X869",
    "Browser Window Size": "412X684",
    "vendor": "ARM",
    "renderer": "Mali-G76",
    "Platform": "Linux armv8l"
  },
  {
    "Accept": "text/html,application/xhtml+xml,application/xml;q=0.9,image/avif,image/webp,image/apng,*/*;q=0.8,application/signed-exchange;v=b3;q=0.9",
    "Accept-Encoding": "gzip, deflate",
    "Accept-Language": "ko-KR,ko;q=0.9,en-US;q=0.8,en;q=0.7",
    "Connection": "close",
    "HOSTING_CONTINENT_CODE": "AS",
    "HOSTING_COUNTRY_CODE": "KR",
    "HOSTING_WHITE_IP": "false",
    "Upgrade-Insecure-Requests": "1",
    "User-Agent": "Mozilla/5.0 (Linux; Android 11; SAMSUNG SM-F700N) AppleWebKit/537.36 (KHTML, like Gecko) SamsungBrowser/15.0 Chrome/90.0.4430.210 Mobile Safari/537.36",
    "Device Pixel Ratio": "3",
    "Screen Resolution": "360X879",
    "Browser Window Size": "360X800",
    "vendor": "Qualcomm",
    "renderer": "Adreno (TM) 640",
    "Platform": "Linux aarch64"
  },
  {
    "Accept": "text/html,application/xhtml+xml,application/xml;q=0.9,image/avif,image/webp,image/apng,*/*;q=0.8,application/signed-exchange;v=b3;q=0.9",
    "Accept-Encoding": "gzip, deflate",
    "Accept-Language": "ko-KR,ko;q=0.9,en-US;q=0.8,en;q=0.7",
    "Connection": "close",
    "HOSTING_CONTINENT_CODE": "AS",
    "HOSTING_COUNTRY_CODE": "KR",
    "HOSTING_WHITE_IP": "false",
    "Upgrade-Insecure-Requests": "1",
    "User-Agent": "Mozilla/5.0 (Linux; Android 11; SAMSUNG SM-F700N) AppleWebKit/537.36 (KHTML, like Gecko) SamsungBrowser/14.2 Chrome/87.0.4280.141 Mobile Safari/537.36",
    "Device Pixel Ratio": "3",
    "Screen Resolution": "360X879",
    "Browser Window Size": "360X704",
    "vendor": "Qualcomm",
    "renderer": "Adreno (TM) 640",
    "Platform": "Linux armv8l"
  },
  {
    "Accept": "text/html,application/xhtml+xml,application/xml;q=0.9,image/avif,image/webp,image/apng,*/*;q=0.8,application/signed-exchange;v=b3;q=0.9",
    "Accept-Encoding": "gzip, deflate",
    "Accept-Language": "ko-KR,ko;q=0.9,en-US;q=0.8,en;q=0.7",
    "Connection": "close",
    "HOSTING_CONTINENT_CODE": "AS",
    "HOSTING_COUNTRY_CODE": "KR",
    "HOSTING_WHITE_IP": "false",
    "Upgrade-Insecure-Requests": "1",
    "User-Agent": "Mozilla/5.0 (Linux; Android 11; SAMSUNG SM-G975N) AppleWebKit/537.36 (KHTML, like Gecko) SamsungBrowser/15.0 Chrome/90.0.4430.210 Mobile Safari/537.36",
    "Device Pixel Ratio": "2.625",
    "Screen Resolution": "412X869",
    "Browser Window Size": "412X684",
    "vendor": "ARM",
    "renderer": "Mali-G76",
    "Platform": "Linux aarch64"
  },
  {
    "Accept": "text/html,application/xhtml+xml,application/xml;q=0.9,image/avif,image/webp,image/apng,*/*;q=0.8,application/signed-exchange;v=b3;q=0.9",
    "Accept-Encoding": "gzip, deflate",
    "Accept-Language": "ko-KR,ko;q=0.9,en-US;q=0.8,en;q=0.7",
    "Connection": "close",
    "HOSTING_CONTINENT_CODE": "AS",
    "HOSTING_COUNTRY_CODE": "KR",
    "HOSTING_WHITE_IP": "false",
    "Upgrade-Insecure-Requests": "1",
    "User-Agent": "Mozilla/5.0 (Linux; Android 11; SAMSUNG SM-N976N/KSU2FUH7) AppleWebKit/537.36 (KHTML, like Gecko) SamsungBrowser/15.0 Chrome/90.0.4430.210 Mobile Safari/537.36",
    "Device Pixel Ratio": "2.625",
    "Screen Resolution": "412X869",
    "Browser Window Size": "412X693",
    "vendor": "ARM",
    "renderer": "Mali-G76",
    "Platform": "Linux aarch64"
  },
  {
    "Accept": "text/html,application/xhtml+xml,application/xml;q=0.9,image/avif,image/webp,image/apng,*/*;q=0.8,application/signed-exchange;v=b3;q=0.9",
    "Accept-Encoding": "gzip, deflate",
    "Accept-Language": "ko-KR,ko;q=0.9,en-US;q=0.8,en;q=0.7",
    "Connection": "close",
    "HOSTING_CONTINENT_CODE": "AS",
    "HOSTING_COUNTRY_CODE": "KR",
    "HOSTING_WHITE_IP": "false",
    "Upgrade-Insecure-Requests": "1",
    "User-Agent": "Mozilla/5.0 (Linux; Android 11; SAMSUNG SM-F916N) AppleWebKit/537.36 (KHTML, like Gecko) SamsungBrowser/14.2 Chrome/87.0.4280.141 Mobile Safari/537.36",
    "Device Pixel Ratio": "3",
    "Screen Resolution": "590X736",
    "Browser Window Size": "590X659",
    "vendor": "Qualcomm",
    "renderer": "Adreno (TM) 650",
    "Platform": "Linux armv8l"
  },
  {
    "Accept": "text/html,application/xhtml+xml,application/xml;q=0.9,image/avif,image/webp,image/apng,*/*;q=0.8,application/signed-exchange;v=b3;q=0.9",
    "Accept-Encoding": "gzip, deflate",
    "Accept-Language": "ko-KR,ko;q=0.9,en-US;q=0.8,en;q=0.7",
    "Connection": "close",
    "HOSTING_CONTINENT_CODE": "AS",
    "HOSTING_COUNTRY_CODE": "KR",
    "HOSTING_WHITE_IP": "false",
    "Upgrade-Insecure-Requests": "1",
    "User-Agent": "Mozilla/5.0 (Linux; Android 11; SAMSUNG SM-F916N) AppleWebKit/537.36 (KHTML, like Gecko) SamsungBrowser/15.0 Chrome/90.0.4430.210 Mobile Safari/537.36",
    "Device Pixel Ratio": "3",
    "Screen Resolution": "590X736",
    "Browser Window Size": "590X563",
    "vendor": "Qualcomm",
    "renderer": "Adreno (TM) 650",
    "Platform": "Linux aarch64"
  },
  {
    "Accept": "text/html,application/xhtml+xml,application/xml;q=0.9,image/avif,image/webp,image/apng,*/*;q=0.8,application/signed-exchange;v=b3;q=0.9",
    "Accept-Encoding": "gzip, deflate",
    "Accept-Language": "ko-KR,ko;q=0.9,en-US;q=0.8,en;q=0.7",
    "Connection": "close",
    "HOSTING_CONTINENT_CODE": "AS",
    "HOSTING_COUNTRY_CODE": "KR",
    "HOSTING_WHITE_IP": "false",
    "Upgrade-Insecure-Requests": "1",
    "User-Agent": "Mozilla/5.0 (Linux; Android 11; SAMSUNG SM-A908N) AppleWebKit/537.36 (KHTML, like Gecko) SamsungBrowser/15.0 Chrome/90.0.4430.210 Mobile Safari/537.36",
    "Device Pixel Ratio": "2.8125",
    "Screen Resolution": "384X854",
    "Browser Window Size": "384X683",
    "vendor": "Qualcomm",
    "renderer": "Adreno (TM) 640",
    "Platform": "Linux aarch64"
  },
  {
    "Accept": "text/html,application/xhtml+xml,application/xml;q=0.9,image/avif,image/webp,image/apng,*/*;q=0.8,application/signed-exchange;v=b3;q=0.9",
    "Accept-Encoding": "gzip, deflate",
    "Accept-Language": "ko-KR,ko;q=0.9,en-US;q=0.8,en;q=0.7",
    "Connection": "close",
    "HOSTING_CONTINENT_CODE": "AS",
    "HOSTING_COUNTRY_CODE": "KR",
    "HOSTING_WHITE_IP": "false",
    "Upgrade-Insecure-Requests": "1",
    "User-Agent": "Mozilla/5.0 (Linux; Android 11; SAMSUNG SM-N971N/KSU2FUG2) AppleWebKit/537.36 (KHTML, like Gecko) SamsungBrowser/14.2 Chrome/87.0.4280.141 Mobile Safari/537.36",
    "Device Pixel Ratio": "2.625",
    "Screen Resolution": "412X869",
    "Browser Window Size": "412X691",
    "vendor": "ARM",
    "renderer": "Mali-G76",
    "Platform": "Linux armv8l"
  },
  {
    "Accept": "text/html,application/xhtml+xml,application/xml;q=0.9,image/avif,image/webp,image/apng,*/*;q=0.8,application/signed-exchange;v=b3;q=0.9",
    "Accept-Encoding": "gzip, deflate",
    "Accept-Language": "ko-KR,ko;q=0.9,en-US;q=0.8,en;q=0.7",
    "Connection": "close",
    "HOSTING_CONTINENT_CODE": "AS",
    "HOSTING_COUNTRY_CODE": "KR",
    "HOSTING_WHITE_IP": "false",
    "Upgrade-Insecure-Requests": "1",
    "User-Agent": "Mozilla/5.0 (Linux; Android 11; SAMSUNG SM-F711N) AppleWebKit/537.36 (KHTML, like Gecko) SamsungBrowser/15.0 Chrome/90.0.4430.210 Mobile Safari/537.36",
    "Device Pixel Ratio": "2.625",
    "Screen Resolution": "412X1006",
    "Browser Window Size": "412X826",
    "vendor": "Qualcomm",
    "renderer": "Adreno (TM) 660",
    "Platform": "Linux aarch64"
  },
  {
    "Accept": "text/html,application/xhtml+xml,application/xml;q=0.9,image/avif,image/webp,image/apng,*/*;q=0.8,application/signed-exchange;v=b3;q=0.9",
    "Accept-Encoding": "gzip, deflate",
    "Accept-Language": "ko-KR,ko;q=0.9,en-US;q=0.8,en;q=0.7",
    "Connection": "close",
    "HOSTING_CONTINENT_CODE": "AS",
    "HOSTING_COUNTRY_CODE": "KR",
    "HOSTING_WHITE_IP": "false",
    "Upgrade-Insecure-Requests": "1",
    "User-Agent": "Mozilla/5.0 (Linux; Android 11; SAMSUNG SM-G986N) AppleWebKit/537.36 (KHTML, like Gecko) SamsungBrowser/15.0 Chrome/90.0.4430.210 Mobile Safari/537.36",
    "Device Pixel Ratio": "3.375",
    "Screen Resolution": "320X712",
    "Browser Window Size": "320X546",
    "vendor": "Qualcomm",
    "renderer": "Adreno (TM) 650",
    "Platform": "Linux aarch64"
  },
  {
    "Accept": "text/html,application/xhtml+xml,application/xml;q=0.9,image/avif,image/webp,image/apng,*/*;q=0.8,application/signed-exchange;v=b3;q=0.9",
    "Accept-Encoding": "gzip, deflate",
    "Accept-Language": "ko-KR,ko;q=0.9,en-US;q=0.8,en;q=0.7",
    "Connection": "close",
    "HOSTING_CONTINENT_CODE": "AS",
    "HOSTING_COUNTRY_CODE": "KR",
    "HOSTING_WHITE_IP": "false",
    "Upgrade-Insecure-Requests": "1",
    "User-Agent": "Mozilla/5.0 (Linux; Android 11; SAMSUNG SM-G991N/KSU3AUHB) AppleWebKit/537.36 (KHTML, like Gecko) SamsungBrowser/15.0 Chrome/90.0.4430.210 Mobile Safari/537.36",
    "Device Pixel Ratio": "3",
    "Screen Resolution": "360X800",
    "Browser Window Size": "360X726",
    "vendor": "ARM",
    "renderer": "Mali-G78",
    "Platform": "Linux aarch64"
  },
  {
    "Accept": "text/html,application/xhtml+xml,application/xml;q=0.9,image/avif,image/webp,image/apng,*/*;q=0.8,application/signed-exchange;v=b3;q=0.9",
    "Accept-Encoding": "gzip, deflate",
    "Accept-Language": "ko-KR,ko;q=0.9,en-US;q=0.8,en;q=0.7",
    "Connection": "close",
    "HOSTING_CONTINENT_CODE": "AS",
    "HOSTING_COUNTRY_CODE": "KR",
    "HOSTING_WHITE_IP": "false",
    "Upgrade-Insecure-Requests": "1",
    "User-Agent": "Mozilla/5.0 (Linux; Android 11; SAMSUNG SM-N976N/KSU2FUG2) AppleWebKit/537.36 (KHTML, like Gecko) SamsungBrowser/15.0 Chrome/90.0.4430.210 Mobile Safari/537.36",
    "Device Pixel Ratio": "3.5",
    "Screen Resolution": "412X869",
    "Browser Window Size": "412X692",
    "vendor": "ARM",
    "renderer": "Mali-G76",
    "Platform": "Linux aarch64"
  },
  {
    "Accept": "text/html,application/xhtml+xml,application/xml;q=0.9,image/avif,image/webp,image/apng,*/*;q=0.8,application/signed-exchange;v=b3;q=0.9",
    "Accept-Encoding": "gzip, deflate",
    "Accept-Language": "ko-KR,ko;q=0.9,en-US;q=0.8,en;q=0.7",
    "Connection": "close",
    "HOSTING_CONTINENT_CODE": "AS",
    "HOSTING_COUNTRY_CODE": "KR",
    "HOSTING_WHITE_IP": "false",
    "Upgrade-Insecure-Requests": "1",
    "User-Agent": "Mozilla/5.0 (Linux; Android 11; SAMSUNG SM-N981N) AppleWebKit/537.36 (KHTML, like Gecko) SamsungBrowser/15.0 Chrome/90.0.4430.210 Mobile Safari/537.36",
    "Device Pixel Ratio": "3",
    "Screen Resolution": "360X800",
    "Browser Window Size": "360X626",
    "vendor": "Qualcomm",
    "renderer": "Adreno (TM) 650",
    "Platform": "Linux aarch64"
  },
  {
    "Accept": "text/html,application/xhtml+xml,application/xml;q=0.9,image/avif,image/webp,image/apng,*/*;q=0.8,application/signed-exchange;v=b3;q=0.9",
    "Accept-Encoding": "gzip, deflate",
    "Accept-Language": "ko-KR,ko;q=0.9,en-US;q=0.8,en;q=0.7",
    "Connection": "close",
    "HOSTING_CONTINENT_CODE": "AS",
    "HOSTING_COUNTRY_CODE": "KR",
    "HOSTING_WHITE_IP": "false",
    "Upgrade-Insecure-Requests": "1",
    "User-Agent": "Mozilla/5.0 (Linux; Android 11; SAMSUNG SM-G996N/KSU3AUHB) AppleWebKit/537.36 (KHTML, like Gecko) SamsungBrowser/15.0 Chrome/90.0.4430.210 Mobile Safari/537.36",
    "Device Pixel Ratio": "3",
    "Screen Resolution": "360X800",
    "Browser Window Size": "360X631",
    "vendor": "ARM",
    "renderer": "Mali-G78",
    "Platform": "Linux aarch64"
  },
  {
    "Accept": "text/html,application/xhtml+xml,application/xml;q=0.9,image/avif,image/webp,image/apng,*/*;q=0.8,application/signed-exchange;v=b3;q=0.9",
    "Accept-Encoding": "gzip, deflate",
    "Accept-Language": "ko-KR,ko;q=0.9,en-US;q=0.8,en;q=0.7",
    "Connection": "close",
    "HOSTING_CONTINENT_CODE": "AS",
    "HOSTING_COUNTRY_CODE": "KR",
    "HOSTING_WHITE_IP": "false",
    "Upgrade-Insecure-Requests": "1",
    "User-Agent": "Mozilla/5.0 (Linux; Android 11; SAMSUNG SM-N986N/KSU1CUH1) AppleWebKit/537.36 (KHTML, like Gecko) SamsungBrowser/15.0 Chrome/90.0.4430.210 Mobile Safari/537.36",
    "Device Pixel Ratio": "2.625",
    "Screen Resolution": "412X883",
    "Browser Window Size": "412X809",
    "vendor": "Qualcomm",
    "renderer": "Adreno (TM) 650",
    "Platform": "Linux aarch64"
  },
  {
    "Accept": "text/html,application/xhtml+xml,application/xml;q=0.9,image/avif,image/webp,image/apng,*/*;q=0.8,application/signed-exchange;v=b3;q=0.9",
    "Accept-Encoding": "gzip, deflate",
    "Accept-Language": "ko-KR,ko;q=0.9,en-US;q=0.8,en;q=0.7",
    "Connection": "close",
    "HOSTING_CONTINENT_CODE": "AS",
    "HOSTING_COUNTRY_CODE": "KR",
    "HOSTING_WHITE_IP": "false",
    "Upgrade-Insecure-Requests": "1",
    "User-Agent": "Mozilla/5.0 (Linux; Android 11; SAMSUNG SM-N976N) AppleWebKit/537.36 (KHTML, like Gecko) SamsungBrowser/15.0 Chrome/90.0.4430.210 Mobile Safari/537.36",
    "Device Pixel Ratio": "2.625",
    "Screen Resolution": "412X869",
    "Browser Window Size": "412X693",
    "vendor": "ARM",
    "renderer": "Mali-G76",
    "Platform": "Linux aarch64"
  },
  {
    "Accept": "text/html,application/xhtml+xml,application/xml;q=0.9,image/avif,image/webp,image/apng,*/*;q=0.8,application/signed-exchange;v=b3;q=0.9",
    "Accept-Encoding": "gzip, deflate",
    "Accept-Language": "ko-KR,ko;q=0.9,en-US;q=0.8,en;q=0.7",
    "Connection": "close",
    "HOSTING_CONTINENT_CODE": "AS",
    "HOSTING_COUNTRY_CODE": "KR",
    "HOSTING_WHITE_IP": "false",
    "Upgrade-Insecure-Requests": "1",
    "User-Agent": "Mozilla/5.0 (Linux; Android 11; SAMSUNG SM-G981N) AppleWebKit/537.36 (KHTML, like Gecko) SamsungBrowser/15.0 Chrome/90.0.4430.210 Mobile Safari/537.36",
    "Device Pixel Ratio": "3",
    "Screen Resolution": "360X800",
    "Browser Window Size": "360X726",
    "vendor": "Qualcomm",
    "renderer": "Adreno (TM) 650",
    "Platform": "Linux aarch64"
  },
  {
    "Accept": "text/html,application/xhtml+xml,application/xml;q=0.9,image/avif,image/webp,image/apng,*/*;q=0.8,application/signed-exchange;v=b3;q=0.9",
    "Accept-Encoding": "gzip, deflate",
    "Accept-Language": "ko-KR,ko;q=0.9,en-US;q=0.8,en;q=0.7",
    "Connection": "close",
    "HOSTING_CONTINENT_CODE": "AS",
    "HOSTING_COUNTRY_CODE": "KR",
    "HOSTING_WHITE_IP": "false",
    "Upgrade-Insecure-Requests": "1",
    "User-Agent": "Mozilla/5.0 (Linux; Android 11; SM-G975N) AppleWebKit/537.36 (KHTML, like Gecko) Chrome/92.0.4515.115 Mobile Safari/537.36",
    "Device Pixel Ratio": "1.75",
    "Screen Resolution": "412X869",
    "Browser Window Size": "412X724",
    "vendor": "ARM",
    "renderer": "Mali-G76",
    "Platform": "Linux aarch64"
  },
  {
    "Accept": "text/html,application/xhtml+xml,application/xml;q=0.9,image/avif,image/webp,image/apng,*/*;q=0.8,application/signed-exchange;v=b3;q=0.9",
    "Accept-Encoding": "gzip, deflate",
    "Accept-Language": "ko-KR,ko;q=0.9,en-US;q=0.8,en;q=0.7",
    "Connection": "close",
    "HOSTING_CONTINENT_CODE": "AS",
    "HOSTING_COUNTRY_CODE": "KR",
    "HOSTING_WHITE_IP": "false",
    "Upgrade-Insecure-Requests": "1",
    "User-Agent": "Mozilla/5.0 (Linux; Android 11; SM-G975N) AppleWebKit/537.36 (KHTML, like Gecko) Chrome/92.0.4515.115 Mobile Safari/537.36",
    "Device Pixel Ratio": "1.75",
    "Screen Resolution": "412X869",
    "Browser Window Size": "412X724",
    "vendor": "ARM",
    "renderer": "Mali-G76",
    "Platform": "Linux aarch64"
  }
]